,Name,Address,Email,country,url
0,James Hayes,"Unit 4593 Box 4375
DPO AE 96878",lozanoeric@example.net,Iraq,https://conner.info/
1,Crystal Hall,"36219 Anderson Path
East Pamela, CO 05318",donovanbrandon@example.com,Argentina,https://www.adams.org/
2,Andrew Perez,"262 Tony Green Suite 874
West Johnville, LA 59828",meganfaulkner@example.com,Japan,http://pugh.org/
3,Tamara Anderson,"13407 Singh Forks
Sharonstad, ID 53285",blakegarrett@example.org,Djibouti,https://www.becker.com/
4,Barbara Schultz,"8849 Munoz Via
Ashleyhaven, MD 84097",thanson@example.net,Barbados,https://greer.org/
5,Bryan Hopkins,"60128 Collins Groves
East Robertburgh, GA 99920",bradley94@example.net,Anguilla,https://foley.org/
6,Joy Patterson,"66929 Sharp Crescent Apt. 083
East Rachel, KS 25467",ritterkatherine@example.com,Tokelau,https://www.thomas.com/
7,Angela Dunn,"73216 Barker Pines Apt. 713
Amberview, RI 78769",campbellgary@example.net,Spain,http://www.wood.com/
8,Randy Hess,"649 Harrison Viaduct
Debrastad, NH 96980",terrimarsh@example.com,Turkmenistan,http://www.martinez.com/
9,Ashley Hill,"954 Perez Prairie
East Scottborough, WA 29933",tammyward@example.net,Bahamas,https://www.barnes-henderson.com/
10,Melissa Roberts,"Unit 1948 Box 0329
DPO AP 86420",dsmith@example.com,Chad,https://carter.org/
11,Ryan Johnson,"8166 Misty Mill
Brittneybury, CT 89121",danielle38@example.org,Mayotte,http://www.smith.info/
12,Casey Rivera,"490 Julia Shores Suite 995
Port Joshuaburgh, OH 13167",noahsaunders@example.com,Tuvalu,https://kim.com/
13,Dawn Fernandez,"562 Mary Canyon
Lake Amberstad, NH 35908",rileyscott@example.com,Indonesia,http://vazquez.net/
14,Heather Humphrey,"9880 Hughes Grove
Nathanport, NH 05462",ywoodward@example.net,Chad,https://www.oliver.com/
15,Kristie Taylor,"4059 Jenna Pine
New Sarahmouth, OR 37749",latoya60@example.com,Anguilla,http://www.powell-wells.net/
16,Denise Camacho,"87357 Tyler Bridge
Ryanport, FL 81049",davisvanessa@example.net,Lithuania,https://cowan.com/
17,Deborah Rios,"935 Bush Valleys Apt. 911
Port Vanessaburgh, VA 04534",williamcoleman@example.net,Gambia,http://yates-wilson.com/
18,Peter Williams,"96215 Heather Cove Suite 929
South Stacy, MO 49015",adammorgan@example.com,Myanmar,http://thompson-bright.com/
19,Elizabeth Nelson,"28363 Sharon Villages Suite 345
Port Allenberg, FL 11679",danielleperez@example.net,Samoa,http://jones-singh.info/
20,Terri Jones,"3412 Flowers Harbor Suite 851
East Joelchester, SD 79420",savagetammie@example.org,Colombia,https://www.williams-robertson.com/
21,Jessica Thompson,"509 Bryce Oval Suite 024
Kristenshire, SC 41566",oliviahenry@example.net,Slovakia (Slovak Republic),http://harris.info/
22,Carlos White,"PSC 5232, Box 7780
APO AP 36330",alisonclark@example.net,New Caledonia,http://www.clayton.biz/
23,Christopher Stewart,"78233 Jeremy Corner
Toddtown, DC 58006",amy22@example.com,Barbados,https://www.torres-farmer.net/
24,Alan Smith,"93173 Floyd Glen
Garcialand, MA 30321",boyerdawn@example.org,Hungary,http://boyle-taylor.com/
25,Emily Baker,"09417 Bennett Run Apt. 927
Cookberg, CO 62955",emily73@example.org,Hungary,http://mahoney.com/
26,Brian Jordan,"77048 Jeff Orchard Apt. 219
Robinsonshire, GA 68796",udavies@example.net,Denmark,http://trujillo.com/
27,Michelle Mccullough,"3041 Ashley Forges
Lake Betty, MA 31605",ryan70@example.net,Korea,https://www.shields-anderson.com/
28,Matthew Haynes,"4831 Ray Valley
North Luishaven, KS 44727",ana75@example.org,Saint Lucia,https://www.clark.info/
29,Richard Williams,"3088 Schultz Divide
Popeland, AR 30293",scottpatterson@example.org,Gibraltar,https://www.everett-davies.com/
30,James Flores,"3700 Linda Village Apt. 418
West Amberville, MA 82284",vincentsmith@example.net,Greece,http://www.hunter.com/
31,Glenn Harris,"58247 Johnson Mountains
Lake Michaelmouth, MN 13385",carlos85@example.com,Saint Helena,http://www.moses.com/
32,Denise Martin,"85454 Daisy Brook Suite 205
Markborough, HI 31978",katherine37@example.com,Isle of Man,http://www.nelson-woods.com/
33,Vanessa Kim,"4337 Smith Parkways
East Ashley, NC 06731",christopherwilliams@example.org,Macao,https://www.collins.net/
34,Brittany Chan,"762 Timothy Drives
Port Craig, KY 41186",brianbarry@example.org,Syrian Arab Republic,http://henson-yang.com/
35,Caleb George,"4616 Jared Mountains Apt. 657
Kimberlyview, VA 27435",williamsveronica@example.net,Jersey,https://cain.com/
36,Jennifer Arnold,"355 Stevens Ranch Apt. 436
Gonzalezmouth, NV 16135",campbellchristopher@example.com,Turkmenistan,http://www.daniels-ortiz.com/
37,Gilbert Owen,"8924 Theresa Ford
South Nicole, MA 36015",donaldjackson@example.org,Maldives,https://ellis.com/
38,Michael Lee,"912 Stephanie Greens
Port Frankbury, RI 80654",dominiqueortiz@example.com,Tuvalu,https://www.taylor.org/
39,Steve Vincent,"721 Arroyo Brook Suite 489
Shawnfurt, OK 09185",fvillanueva@example.org,Somalia,https://sanchez-wells.com/
40,Brittany Diaz,"03324 Washington Shoal Apt. 283
New Hannah, OR 21621",nathan11@example.com,Tajikistan,http://huang.net/
41,Julie Small,"37052 Melissa Greens Apt. 249
South Emilyborough, DC 56843",kimpeter@example.org,Lebanon,http://watkins.com/
42,Mary Williams,"39938 Lopez Springs
Port Barbara, NJ 30649",dholland@example.com,Chad,http://www.silva.com/
43,Spencer Charles,"84924 Fitzgerald Skyway Apt. 861
Jenniferburgh, DC 54952",michaelhahn@example.org,Malawi,http://www.james.com/
44,Robert Daniels,"5639 Blevins Flats Apt. 659
Cisnerosmouth, NY 47500",carol79@example.net,Niue,http://www.james-galloway.net/
45,Kristina Johnson,"27283 Brooks Springs
Davisshire, WY 60424",jim98@example.com,Egypt,https://www.dodson-porter.com/
46,Brian Hernandez,"861 Jessica Freeway Apt. 413
North Lauraview, VT 28376",mayermeghan@example.org,Pakistan,https://garner-cole.com/
47,Lisa Lewis,"41818 Ford Vista Suite 650
Jenniferside, MN 01029",lisahicks@example.net,Malawi,http://www.allen-howell.com/
48,Jesse Adams,"15677 King Ville Apt. 391
Victorland, ME 22611",christopher07@example.org,Canada,https://hurley.com/
49,Kathleen Blevins,"97475 Amber Gardens Suite 389
Lake Shane, OH 23203",halekatherine@example.net,Lesotho,https://www.hansen-murphy.com/
50,Scott Dunn,"356 Blevins Trail
East Keith, NM 51409",elizabethgonzalez@example.net,Papua New Guinea,http://perez.org/
51,Emily Baker,"3091 Shannon Village Apt. 176
West Wandaburgh, OR 88282",gailrichardson@example.org,Macao,http://www.cox.com/
52,Michael Gallagher,"470 Evans Valleys Apt. 791
Raymouth, DC 56425",taraclay@example.org,Cambodia,http://martin.info/
53,Jorge Horn,"4534 Sanders Vista
West Robert, MS 09934",nancybaldwin@example.com,Paraguay,http://clarke-andrews.info/
54,John Davidson,"8077 Robinson Knolls Suite 990
Vincentport, ND 67351",matthewtucker@example.com,Hungary,https://www.lowery.com/
55,Carrie Lutz,"670 Walters Underpass Suite 475
Reedview, MS 21188",wilsondavid@example.com,Eritrea,http://carpenter.com/
56,Jacob Ward,"5138 Robert Valley
Alyssaton, MA 61932",jennifer43@example.org,Uganda,http://simmons-boyd.com/
57,Paul Mooney,"47266 Wood Wall
West Victoria, NM 75711",sandraconway@example.com,Uzbekistan,http://www.perry.com/
58,Scott Hall,"530 Gibson Forges
Coxport, ND 41615",maloneerin@example.com,New Caledonia,https://www.snyder.net/
59,Timothy Wilson,"5439 Gomez Plaza
Andrewville, SD 71190",egardner@example.org,Monaco,https://maddox.org/
60,Brandi Martin,"029 Brown Haven
Gregoryport, AL 65602",michael78@example.org,Finland,http://www.johnson.com/
61,Dalton Williams,"9948 Samantha Locks
Lake Angelaberg, NM 11002",lauraking@example.org,Brazil,https://www.morales-rodriguez.com/
62,Christina Johnson,"PSC 8543, Box 8101
APO AE 40701",ztaylor@example.com,Burundi,http://romero.com/
63,Garrett Garza,"60975 Ramirez Dale
East Eileen, IL 96292",timothy20@example.net,Botswana,http://williams.com/
64,Jay Mckay,"73634 Ortiz Corners
Lake Stacyside, AK 60347",stanleymario@example.net,American Samoa,https://neal-garcia.com/
65,William Lynn,"150 James Mountains
South Tracy, OH 33824",douglasowens@example.com,Myanmar,https://www.allen.com/
66,Joel Cruz,"0787 Mcclure Track Suite 780
Lake Jamieton, NV 40575",tracyharris@example.net,Kuwait,https://www.clements-beasley.com/
67,Christian Becker,"11160 Michael Landing Suite 318
New Lisaberg, IN 98575",phillipschristina@example.org,Czech Republic,https://www.wilson.com/
68,Mrs. Yvonne Parrish,"59454 Jessica Estate Apt. 147
East Regina, MD 96782",hcisneros@example.org,Morocco,https://www.mcintosh-santana.org/
69,Samantha Matthews,"492 Ivan Summit
Cynthiaberg, NJ 95854",annthompson@example.net,Holy See (Vatican City State),http://www.huynh.com/
70,Ivan Duran,"00074 Edward Vista
East Andrewside, WA 62216",gbradley@example.org,Tajikistan,http://www.sandoval-reed.com/
71,Ariel Diaz,"1686 Dominique Fall Suite 518
East Jessicaton, WV 78707",sbrady@example.net,Armenia,http://www.aguilar.com/
72,Brent Ward,"3765 Melissa Highway
Cynthiatown, VT 71290",hendersondavid@example.com,Macedonia,http://brady.com/
73,Jeffery Blackwell,"4511 Boone Gardens Suite 475
South Linda, NY 71615",jhinton@example.net,Liberia,http://hays.biz/
74,Amy Hansen,"76344 Anthony Ford
Lake Thomas, NV 10791",longmichael@example.net,Bermuda,https://www.knight-fitzpatrick.net/
75,Amy Jackson,"578 Steve Station Suite 106
Strongport, AZ 95184",matthew13@example.org,Croatia,https://www.vargas-evans.net/
76,Mark Harris,"7065 Garcia Forges
Johnsonton, OR 14814",justin44@example.com,Taiwan,https://www.lambert.biz/
77,John Jackson,"PSC 3524, Box 7162
APO AA 35144",dean62@example.com,Kiribati,https://www.gardner-powers.com/
78,Alec Chambers,"572 Stephens Gardens
West Brian, PA 05758",gbarton@example.net,French Southern Territories,https://owen.com/
79,Amanda Williams,"36058 Lawrence Ranch Suite 558
Lake Jacobbury, MI 51354",hsanchez@example.com,Belarus,http://www.klein.biz/
80,Vanessa Martinez,"5638 Brown Drive
Ryantown, HI 02159",qbyrd@example.org,Estonia,http://graham.org/
81,Shelly Stout,"943 Higgins Villages
Thomasville, RI 71389",brownandrew@example.net,Jamaica,http://bates.com/
82,Dennis Salinas,"49081 Catherine Rapid
Padillaview, SC 95422",taraanderson@example.net,Jersey,http://www.gonzalez-sanchez.biz/
83,Alicia Murray,"45275 Tucker Neck
Whiteberg, NH 44264",triley@example.net,Slovakia (Slovak Republic),https://www.rodriguez-gonzales.com/
84,Melissa Lee,"525 Deborah Locks
Amandastad, AK 56734",staciearmstrong@example.org,Tunisia,http://www.callahan.net/
85,Mark Sullivan,"Unit 2633 Box 4464
DPO AP 20970",cesarflowers@example.net,Brazil,http://www.rogers.com/
86,Mary Lopez,"4517 Lynch Estates Suite 984
West Melissaville, TN 01503",wendy74@example.net,Burundi,http://james-green.com/
87,Jason Dyer,"070 Doyle Wells Suite 947
West Michaelfort, KS 09428",cynthia40@example.net,Lithuania,https://williams-jackson.org/
88,Matthew Archer,"4692 Alyssa Forge
Jenniferside, MS 93417",christopher39@example.org,United Arab Emirates,http://www.ruiz.info/
89,Melissa Phelps,"76817 Vincent Court
New Cynthiastad, CA 81099",alexanderroberts@example.net,Pitcairn Islands,http://sandoval-waller.com/
90,Teresa Dunn,"78460 Carter Meadow
Lake Garrettburgh, KS 24305",alexander61@example.net,Svalbard & Jan Mayen Islands,https://www.henderson.com/
91,Frank Case,"211 Michele Green Suite 853
Ryanchester, VA 16958",kelliboyd@example.org,French Guiana,http://www.martinez.org/
92,Jamie Graham,"PSC 6828, Box 9850
APO AA 64834",wattsbobby@example.net,Comoros,http://howard-edwards.net/
93,Andrea Hamilton,"73134 Park Meadow Apt. 808
North Hector, MD 50607",thomaspeter@example.com,Iceland,http://obrien.com/
94,Monica Case,"1935 Lewis Islands
Davidside, PA 71439",travisyoung@example.net,Congo,http://chen-powers.com/
95,Eileen Flores,"72930 Robin Via
Bryanland, SC 36018",navarromartin@example.net,Samoa,http://www.dawson.org/
96,Brent Johnson,"397 Love Fall Suite 525
Larryfort, KS 94164",wilsonnicole@example.org,Kenya,https://green.com/
97,Erik Jones,"65803 Samantha Oval Apt. 619
Lake Courtneyhaven, TX 29960",stephanie28@example.org,Cameroon,http://www.robertson-powell.com/
98,Kristin Hughes,"468 Brown Keys
North Jasminestad, ME 45731",hpitts@example.org,Zimbabwe,http://www.parsons-charles.com/
99,Thomas Bender,"09461 Nancy Cove
Lake Jessicaport, MO 29447",patrick93@example.org,Ireland,http://roberts.biz/
